Data;Giorno della settimana;Alba;Tramonto;Lunghezza di giorno
01-mar-20; domenica;06:45;17:59;11:14
02-mar-20; lunedì;06:43;18:00;11:17
03-mar-20; martedì;06:42;18:02;11:19
04-mar-20; mercoledì;06:40;18:03;11:22
05-mar-20; giovedì;06:39;18:04;11:25
06-mar-20; venerdì;06:37;18:05;11:28
07-mar-20; sabato;06:35;18:06;11:31
08-mar-20; domenica;06:34;18:07;11:33
09-mar-20; lunedì;06:32;18:09;11:36
10-mar-20; martedì;06:30;18:10;11:39
11-mar-20; mercoledì;06:29;18:11;11:42
12-mar-20; giovedì;06:27;18:12;11:45
13-mar-20; venerdì;06:25;18:13;11:47
14-mar-20; sabato;06:24;18:14;11:50
15-mar-20; domenica;06:22;18:15;11:53
16-mar-20; lunedì;06:20;18:17;11:56
17-mar-20; martedì;06:19;18:18;11:59
18-mar-20; mercoledì;06:17;18:19;12:02
19-mar-20; giovedì;06:15;18:20;12:04
20-mar-20; venerdì;06:13;18:21;12:07
21-mar-20; sabato;06:12;18:22;12:10
22-mar-20; domenica;06:10;18:23;12:13
23-mar-20; lunedì;06:08;18:24;12:16
24-mar-20; martedì;06:07;18:26;12:19
25-mar-20; mercoledì;06:05;18:27;12:21
26-mar-20; giovedì;06:03;18:28;12:24
27-mar-20; venerdì;06:01;18:29;12:27
28-mar-20; sabato;06:00;18:30;12:30
29-mar-20; domenica;06:58;19:31;12:33
30-mar-20; lunedì;06:56;19:32;12:35
31-mar-20; martedì;06:55;19:33;12:38