Data;Alba;Tramonto;Lunghezza di giorno
1 ottobre 2019, martedì;07:07;18:51;11:44
2 ottobre 2019, mercoledì;07:08;18:49;11:41
3 ottobre 2019, giovedì;07:09;18:48;11:38
4 ottobre 2019, venerdì;07:10;18:46;11:35
5 ottobre 2019, sabato;07:11;18:44;11:33
6 ottobre 2019, domenica;07:12;18:43;11:30
7 ottobre 2019, lunedì;07:13;18:41;11:27
8 ottobre 2019, martedì;07:15;18:39;11:24
9 ottobre 2019, mercoledì;07:16;18:38;11:21
10 ottobre 2019, giovedì;07:17;18:36;11:19
11 ottobre 2019, venerdì;07:18;18:34;11:16
12 ottobre 2019, sabato;07:19;18:33;11:13
13 ottobre 2019, domenica;07:20;18:31;11:11
14 ottobre 2019, lunedì;07:21;18:29;11:08
15 ottobre 2019, martedì;07:22;18:28;11:05
16 ottobre 2019, mercoledì;07:23;18:26;11:02
17 ottobre 2019, giovedì;07:25;18:25;11:00
18 ottobre 2019, venerdì;07:26;18:23;10:57
19 ottobre 2019, sabato;07:27;18:22;10:54
20 ottobre 2019, domenica;07:28;18:20;10:52
21 ottobre 2019, lunedì;07:29;18:19;10:49
22 ottobre 2019, martedì;07:30;18:17;10:46
23 ottobre 2019, mercoledì;07:32;18:16;10:44
24 ottobre 2019, giovedì;07:33;18:14;10:41
25 ottobre 2019, venerdì;07:34;18:13;10:38
26 ottobre 2019, sabato;07:35;18:11;10:36
27 ottobre 2019, domenica;06:36;17:10;10:33
28 ottobre 2019, lunedì;06:37;17:09;10:31
29 ottobre 2019, martedì;06:39;17:07;10:28
30 ottobre 2019, mercoledì;06:40;17:06;10:26
31 ottobre 2019, giovedì;06:41;17:05;10:23
