Data	Alba	Tramonto	Lunghezza di giorno
1 novembre 2019, venerdì	06:42	17:03	10:21
2 novembre 2019, sabato	06:44	17:02	10:18
3 novembre 2019, domenica	06:45	17:01	10:16
4 novembre 2019, lunedì	06:46	17:00	10:13
5 novembre 2019, martedì	06:47	16:59	10:11
6 novembre 2019, mercoledì	06:48	16:57	10:09
7 novembre 2019, giovedì	06:50	16:56	10:06
8 novembre 2019, venerdì	06:51	16:55	10:04
9 novembre 2019, sabato	06:52	16:54	10:02
10 novembre 2019, domenica	06:53	16:53	09:59
11 novembre 2019, lunedì	06:55	16:52	09:57
12 novembre 2019, martedì	06:56	16:51	09:55
13 novembre 2019, mercoledì	06:57	16:50	09:53
14 novembre 2019, giovedì	06:58	16:49	09:50
15 novembre 2019, venerdì	06:59	16:48	09:48
16 novembre 2019, sabato	07:01	16:47	09:46
17 novembre 2019, domenica	07:02	16:47	09:44
18 novembre 2019, lunedì	07:03	16:46	09:42
19 novembre 2019, martedì	07:04	16:45	09:40
20 novembre 2019, mercoledì	07:05	16:44	09:38
21 novembre 2019, giovedì	07:07	16:44	09:36
22 novembre 2019, venerdì	07:08	16:43	09:35
23 novembre 2019, sabato	07:09	16:42	09:33
24 novembre 2019, domenica	07:10	16:42	09:31
25 novembre 2019, lunedì	07:11	16:41	09:29
26 novembre 2019, martedì	07:12	16:41	09:28
27 novembre 2019, mercoledì	07:14	16:40	09:26
28 novembre 2019, giovedì	07:15	16:40	09:25
29 novembre 2019, venerdì	07:16	16:39	09:23
30 novembre 2019, sabato	07:17	16:39	09:22